{
  "timestamp": 1778012375.557595,
  "quality_signal": 0.37596691726978004,
  "coupling_score": 0.013030303030303031,
  "cycle_count": 9,
  "god_file_count": 7,
  "hotspot_count": 7,
  "complex_fn_count": 28,
  "max_depth": 21,
  "total_import_edges": 3300,
  "cross_module_edges": 1487
}