{
  "timestamp": 1783464244.779122,
  "quality_signal": 0.5590779637235002,
  "coupling_score": 0.032281205164992825,
  "cycle_count": 0,
  "god_file_count": 0,
  "hotspot_count": 1,
  "complex_fn_count": 8,
  "max_depth": 32,
  "total_import_edges": 1394,
  "cross_module_edges": 709
}